index,thread,address
1,thread-3,809473680
1,thread-0,809473696
1,thread-1,809473712
1,thread-2,809473728
2,thread-3,809473744
2,thread-0,809473760
2,thread-1,809473776
2,thread-2,809473792
3,thread-3,809473808
3,thread-0,809473824
3,thread-1,809473840
3,thread-2,809473856
4,thread-3,809473872
4,thread-0,809473888
4,thread-1,809473904
4,thread-2,809473920
5,thread-3,809473936
5,thread-0,809473952
5,thread-1,809473968
5,thread-2,809473984
6,thread-3,809474000
6,thread-0,809474016
6,thread-1,809474032
6,thread-2,809474048
7,thread-3,809474064
7,thread-0,809474080
7,thread-1,809474096
7,thread-2,809474112
8,thread-3,809474128
8,thread-0,809474144
8,thread-1,809474160
8,thread-2,809474176
9,thread-3,809474192
9,thread-0,809474208
9,thread-1,809474224
9,thread-2,809474240
